National_Park_ID,Park_Name,State,Park_Attendance_Totals_from_1995-2025,,National_Park_ID,Main_Visitor_Center,Closest_Airport,Distance_in_Miles,,,
001,Acadia NP,ME,"87,687,290",,001,Hulls Cove VC,Bangor Intl (BGR),40.78,,,
002,Arches NP,UT,"34,788,640",,002,Arches VC,Salt Lake City Intl (SLC),196.33,,,
003,Badlands NP,SD,"30,175,543",,003,Ben Reifel VC,Rapid City Regional (RAP),38.04,,,
004,Big Bend NP,TX,"11,824,024",,004,Panther Junction VC,Midland Intl (MAF),190.36,,,
005,Biscayne NP,FL,"15,818,028",,005,Dante Fascell VC,Miami Intl (MIA),22.21,,,
006,Black Canyon of the Gunnison NP,CO,"7,089,267",,006,South Rim VC,Montrose Regional (MTJ),9.43,,,
007,Bryce Canyon NP,UT,"47,334,851",,007,Bryce VC,Salt Lake City Intl (SLC),218.68,,,
008,Canyonlands NP,UT,"16,777,404",,008,Island in the Sky VC,Salt Lake City Intl (SLC),195.74,,,
009,Capitol Reef NP,UT,"25,637,732",,009,Capital Reef VC,Salt Lake City Intl (SLC),177.29,,,
010,Carlsbad Caverns NP,NM,"13,554,226",,010,Carlsbad Caverns VC,El Paso Intl (ELP),109.31,,,
011,Channel Islands NP,CA,"12,079,886",,011,Mainland VC,Los Angeles Intl (LAX),74.38,,,
012,Congaree NP,SC,"4,096,169",,012,Harry Hampton VC,Columbia Metro (CAE),21.73,,,
013,Crater Lake NP,OR,"16,147,202",,013,Rim VC,Rogue Valley Intl (MFR),52.29,,,
014,Cuyahoga Valley NP,OH,"85,286,525",,014,Boston Store VC,Cleveland Hopkins Intl (CLE),18.11,,,
015,Death Valley NP,CA,"33,678,623",,015,Furnace Creek VC,Las Vegas Intl (LAS),98.88,,,
016,Denali NP & PRES,AK,"13,309,484",,016,Denali VC,Anchorage Intl (ANC),180.02,,,
017,Dry Tortugas NP,FL,"2,054,465",,017,Fort Jefferson VC,Key West Intl (EYW),70.14,,,
018,Everglades NP,FL,"30,136,277",,018,Ernest Coe VC,Miami Intl (MIA),33.30,,,
019,Gates of the Arctic NP & PRES,AK,"293,133",,019,Fairbanks VC,Fairbanks Intl (FAI),4.39,,,
020,Gateway Arch NP,MO,"75,483,797",,020,Arch VC,St. Louis Lambert Intl (STL),13.16,,,
021,Glacier Bay NP & PRES,AK,"13,753,456",,021,Bartlett Cove VC,Juneau Intl (JNU),47.89,,,
022,Glacier NP,MT,"69,955,758",,022,Apgar VC,Glacier Park Intl (FCA),19.26,,,
023,Grand Canyon NP,AZ,"144,362,593",,023,South Rim VC,Flagstaff Pulliam (FLG),68.37,,,
024,Grand Teton NP,WY,"89,442,370",,024,Craig Thomas VC,Jackson Hole (JAC),12.96,,,
025,Great Basin NP,NV,"3,296,241",,025,Great Basin VC,Salt Lake City Intl (SLC),175.50,,,
026,Great Sand Dunes NP & PRES,CO,"10,605,998",,026,Great Sand Dunes VC,Denver Intl (DEN),151.00,,,
027,Great Smoky Mountains NP,TN,"323,355,152",,027,Sugarlands VC,Knoxville (TYS),27.11,,,
028,Guadalupe Mountains NP,TX,"6,000,777",,028,Pine Springs VC,El Paso Intl (ELP),90.80,,,
029,Haleakala NP,HI,"37,584,775",,029,Summit VC,Kahului (OGG),21.63,,,
030,Hawaii Volcanoes NP,HI,"44,741,964",,030,Kilauea VC,Hilo Intl (ITO),26.01,,,
031,Hot Springs NP,AR,"48,912,686",,031,Fordyce VC,Clinton National (LIT),49.76,,,
032,Indiana Dunes NP,IN,"62,596,253",,032,Indiana Dunes VC,Chicago O'Hare Intl (ORD),49.29,,,
033,Isle Royale NP,MI,"637,808",,033,Houghton VC,Houghton County (CMX),5.69,,,
034,Joshua Tree NP,CA,"57,364,656",,034,Oasis VC,Palm Springs Intl (PSP),18.37,,,
035,Katmai NP & PRES,AK,"1,331,927",,035,King Salmon VC,Anchorage Intl (ANC),287.39,,,
036,Kenai Fjords NP,AK,"9,162,338",,036,Exit Glacier VC,Anchorage Intl (ANC),69.27,,,
037,Kings Canyon NP,CA,"18,195,913",,037,Grant Grove VC,Fresno Intl (FAT),41.56,,,
038,Kobuk Valley NP,AK,"257,256",,038,Kotzebue,Kotzebue (OTZ),0.85,,,
039,Lake Clark NP & PRES,AK,"355,102",,039,Port Alsworth VC,Anchorage Intl (ANC),160.63,,,
040,Lassen Volcanic NP,CA,"12,743,767",,040,Kohm Yah-mah-nee VC,Sacramento Intl (SMF),120.81,,,
041,Mammoth Cave NP,KY,"31,713,369",,041,Mammoth Cave VC,Nashville Intl (BNA),79.94,,,
042,Mesa Verde NP,CO,"16,336,251",,042,Far View VC,Durango-La Plata (DRO),39.39,,,
043,Mount Rainier NP,WA,"40,929,591",,043,Henry Jackson VC,Seattle-Tacoma Intl (SEA),53.18,,,
044,National Park of American Samoa,AS,"364,955",,044,Pago Pago VC,Pago Pago Intl (PPG),3.63,,,
045,New River Gorge NP & PRES,WV,"38,904,859",,045,Canyon Rim VC,Charleston WV (CRW),34.95,,,
046,North Cascades NP,WA,"837,079",,046,Newhalem VC,Seattle-Tacoma Intl (SEA),97.77,,,
047,Olympic NP,WA,"99,039,492",,047,Port Angeles VC,Seattle-Tacoma Intl (SEA),68.68,,,
048,Petrified Forest NP,AZ,"19,570,784",,048,Painted Desert VC,Albuquerque Intl (ABQ),179.40,,,
049,Pinnacles NP,CA,"6,606,704",,049,Pinnacles VC,San Jose Intl (SJC),73.10,,,
050,Redwood NP,CA,"13,959,429",,050,Thomas Kuchel VC,Eureka-Arcata (ACV),17.12,,,
051,Rocky Mountain NP,CO,"106,810,493",,051,Beaver Meadows VC,Denver Intl (DEN),59.97,,,
052,Saguaro NP,AZ,"23,765,625",,052,Red Hills VC,Tucson Intl (TUS),18.15,,,
053,Sequoia NP,CA,"31,730,134",,053,Foothills VC,Fresno Intl (FAT),57.38,,,
054,Shenandoah NP,VA,"42,596,489",,054,Dickey Ridge VC,Dulles Intl (IAD),41.70,,,
055,Theodore Roosevelt NP,ND,"17,614,492",,055,South Unit VC,Bismarck (BIS),128.45,,,
056,Virgin Islands NP,VI,"14,824,131",,056,Cruz Bay VC,Cyril King Intl (STT),11.64,,,
057,Voyageurs NP,MN,"7,127,479",,057,Rainy Lake VC,Falls Intl (INL),2.96,,,
058,White Sands NP,NM,"16,922,392",,058,White Sands VC,El Paso Intl (ELP),68.22,,,
059,Wind Cave NP,SD,"19,877,743",,059,Wind Cave VC,Rapid City Regional (RAP),37.68,,,
060,Wrangell-St. Elias NP & PRES,AK,"1,818,830",,060,Copper Center VC,Anchorage Intl (ANC),163.31,,,
061,Yellowstone NP,WY,"108,712,330",,061,Canyon VC,Bozeman Yellowstone Intl (BZN),79.21,,,
062,Yosemite NP,CA,"115,584,658",,062,Valley VC,Fresno Intl (FAT),67.33,,,
063,Zion NP,UT,"101,406,181",,063,Zion Canyon VC,Las Vegas Intl (LAS),142.73,,,
