Sum of Attendance,Year,,,,,,,,,,,,,,,,,,,,,,,,,,,,,,,
Park_Name,1995,1996,1997,1998,1999,2000,2001,2002,2003,2004,2005,2006,2007,2008,2009,2010,2011,2012,2013,2014,2015,2016,2017,2018,2019,2020,2021,2022,2023,2024,2025,Grand Total
Acadia NP,"2,845,378","2,704,831","2,760,306","2,594,497","2,602,227","2,469,238","2,516,551","2,558,572","2,431,062","2,207,847","2,051,484","2,083,588","2,202,228","2,075,857","2,227,698","2,504,208","2,374,645","2,431,052","2,254,922","2,563,129","2,811,184","3,303,393","3,509,271","3,537,575","3,437,286","2,669,034","4,069,098","3,970,260","3,879,890","3,961,661","4,079,318","87,687,290"
Arches NP,"859,374","856,016","858,525","837,161","869,980","786,429","754,026","769,672","757,781","733,131","781,670","833,049","860,181","928,795","996,312","1,014,405","1,040,758","1,070,577","1,082,866","1,284,767","1,399,247","1,585,718","1,539,028","1,663,557","1,659,702","1,238,083","1,806,865","1,460,652","1,482,045","1,466,528","1,511,740","34,788,640"
Badlands NP,"1,075,569","1,024,705","970,696","1,021,049","950,453","1,105,824","955,469","908,898","871,034","936,030","909,146","840,118","886,654","845,734","933,918","977,778","870,741","883,406","892,372","868,094","989,354","996,263","1,054,325","1,008,942","970,998","916,932","1,224,226","1,006,809","1,046,400","1,094,245","1,139,361","30,175,543"
Big Bend NP,"295,460","279,454","305,882","338,442","327,649","262,320","328,927","327,747","312,384","357,723","398,583","298,717","364,856","362,512","363,905","372,330","361,862","292,055","316,953","314,102","381,747","388,290","440,276","440,091","463,832","393,907","581,220","514,107","509,129","561,458","568,104","11,824,024"
Biscayne NP,"584,519","338,603","392,069","403,239","442,585","393,151","489,343","513,397","490,031","478,304","563,728","608,836","517,442","686,062","437,745","467,612","476,077","495,613","486,848","525,745","508,164","514,709","446,961","469,253","708,522","402,770","705,655","701,023","571,242","512,213","486,567","15,818,028"
Black Canyon of the Gunnison NP,"221,113","200,125","209,863","193,451","200,142","191,506","181,018","173,687","167,247","175,581","180,814","160,450","219,576","160,185","171,451","176,344","168,336","192,570","175,852","183,045","209,166","238,018","307,143","308,962","432,818","341,620","308,910","297,257","357,069","335,862","250,086","7,089,267"
Bryce Canyon NP,"994,548","1,269,600","1,174,824","1,166,331","1,081,521","1,099,275","1,068,619","886,436","903,760","987,253","1,017,681","890,676","1,012,563","1,043,321","1,216,377","1,285,492","1,296,000","1,385,352","1,311,875","1,435,741","1,745,804","2,365,110","2,571,684","2,679,478","2,594,904","1,464,655","2,104,600","2,354,660","2,461,269","2,498,075","1,967,367","47,334,851"
Canyonlands NP,"448,769","447,527","432,697","436,524","446,160","401,558","368,592","367,078","386,986","371,706","393,381","392,537","417,560","436,715","436,241","435,908","473,773","452,952","462,242","542,431","634,607","776,218","742,271","739,449","733,996","493,914","911,594","779,147","800,322","818,492","796,057","16,777,404"
Capitol Reef NP,"648,864","678,012","625,680","656,026","680,153","612,656","527,760","525,646","535,441","549,708","550,255","511,511","554,907","604,811","617,208","662,661","668,834","673,345","663,670","786,514","941,029","1,064,904","1,150,165","1,227,627","1,226,519","981,038","1,405,353","1,227,608","1,268,861","1,422,490","1,388,476","25,637,732"
Carlsbad Caverns NP,"588,609","557,217","540,797","522,076","514,418","469,303","455,621","476,259","457,631","419,599","413,786","407,367","409,560","400,381","432,639","428,524","365,000","381,058","388,566","397,309","445,720","466,773","520,026","465,912","440,691","183,835","349,244","390,932","394,121","460,474","410,778","13,554,226"
Channel Islands NP,"525,882","490,715","488,757","574,270","607,057","482,571","520,428","613,935","585,919","537,716","434,107","375,256","360,806","332,177","348,745","277,515","242,756","249,594","212,029","342,161","324,816","364,807","383,687","366,250","409,630","167,290","319,252","323,245","328,746","262,581","227,186","12,079,886"
Congaree NP,"67,949","62,614","70,716","93,725","82,223","95,619","119,738","101,620","107,114","126,247","84,301","134,045","115,524","104,913","122,970","121,208","120,166","109,685","120,340","120,122","87,513","143,843","159,595","145,929","159,445","119,306","215,181","204,522","250,114","242,049","287,833","4,096,169"
Crater Lake NP,"496,041","476,957","451,548","471,865","417,992","426,883","457,373","456,620","479,183","417,066","447,240","388,972","468,958","415,686","446,516","448,319","423,551","447,251","523,027","535,508","614,712","756,344","711,749","720,659","704,512","670,500","647,751","527,259","559,976","504,942","632,242","16,147,202"
Cuyahoga Valley NP,"3,195,207","3,455,878","3,527,837","3,467,107","3,324,284","3,324,918","3,123,353","3,217,935","2,879,591","3,306,175","2,533,827","2,468,816","2,486,656","2,828,233","2,589,288","2,492,670","2,161,185","2,299,722","2,103,010","2,189,849","2,284,612","2,423,390","2,226,879","2,096,053","2,237,997","2,755,628","2,575,275","2,913,312","2,860,059","2,912,454","3,025,325","85,286,525"
Death Valley NP,"1,109,421","1,189,215","1,188,212","1,177,746","1,227,583","1,179,094","1,014,636","897,596","890,375","764,820","800,113","744,440","704,122","871,938","828,574","984,775","946,867","984,568","951,972","1,101,312","1,154,843","1,296,283","1,294,827","1,678,660","1,740,945","820,023","1,146,551","1,128,862","1,099,632","1,440,484","1,320,134","33,678,623"
Denali NP & PRES,"543,309","341,385","354,278","372,519","386,867","363,983","360,191","311,335","360,189","404,236","403,520","415,935","458,308","432,309","358,041","378,855","406,582","388,433","530,922","531,315","560,757","587,412","642,809","594,660","601,152","54,850","229,521","427,562","498,722","466,227","543,300","13,309,484"
Dry Tortugas NP,"32,870","35,127","47,224","60,136","74,186","83,704","79,186","79,582","74,741","67,917","61,765","64,122","60,895","63,947","52,011","53,890","75,171","60,550","58,401","64,865","70,862","73,661","54,281","56,810","79,200","48,543","83,817","78,488","84,285","84,873","89,355","2,054,465"
Everglades NP,"820,466","890,167","989,532","1,118,215","1,073,982","995,390","1,049,851","968,909","1,040,648","1,181,355","1,233,837","954,022","1,074,764","822,118","900,882","915,538","934,351","1,141,906","1,047,116","1,110,901","1,077,427","930,907","1,018,557","597,124","1,118,300","702,319","942,130","1,155,193","810,189","741,983","778,198","30,136,277"
Gates of the Arctic NP & PRES,"7,074","6,448","6,949","8,266","8,166","11,278","4,505","6,648","5,075","10,282","9,459","9,982","10,942","11,397","9,975","10,840","11,623","10,899","11,012","12,669","10,745","10,047","11,177","9,591","10,518","2,872","7,362","9,457","11,045","11,907","14,923","293,133"
Gateway Arch NP,"3,234,977","3,649,308","3,420,076","3,420,352","3,481,042","3,458,956","3,532,524","3,333,454","2,685,219","2,779,350","2,944,976","2,572,072","2,385,387","1,954,810","2,360,109","2,436,110","2,259,020","2,496,726","2,377,258","1,817,091","1,698,656","1,271,855","1,398,188","2,016,180","2,055,309","486,021","1,145,081","1,618,774","2,422,836","2,563,052","2,209,028","75,483,797"
Glacier Bay NP & PRES,"252,265","304,374","347,046","403,512","442,607","384,684","380,114","408,143","366,319","353,686","359,829","413,382","438,211","418,911","438,361","444,530","431,986","454,337","500,590","500,727","551,353","520,171","547,057","597,915","672,087","5,748","89,768","545,758","703,659","736,282","740,044","13,753,456"
Glacier NP,"1,839,518","1,720,805","1,708,856","1,830,944","1,684,604","1,728,693","1,680,614","1,905,689","1,664,046","2,033,933","1,925,101","1,964,399","2,083,329","1,808,027","2,031,348","2,200,048","1,853,564","2,162,035","2,190,374","2,338,528","2,366,056","2,946,681","3,305,512","2,965,309","3,049,839","1,698,864","3,081,656","2,908,458","2,933,616","3,208,755","3,136,557","69,955,758"
Grand Canyon NP,"4,557,645","4,537,703","4,791,668","4,239,682","4,575,124","4,460,228","4,104,809","4,001,974","4,124,900","4,326,234","4,401,522","4,279,439","4,413,668","4,425,314","4,348,068","4,388,386","4,298,178","4,421,352","4,564,840","4,756,771","5,520,736","5,969,811","6,254,238","6,380,495","5,974,411","2,897,098","4,532,677","4,732,101","4,733,705","4,919,163","4,430,653","144,362,593"
Grand Teton NP,"2,731,015","2,733,439","2,658,762","2,757,060","2,680,025","2,590,624","2,535,108","2,612,629","2,355,693","2,360,373","2,463,442","2,406,476","2,588,574","2,485,987","2,580,081","2,669,374","2,587,437","2,705,256","2,688,794","2,791,392","3,149,921","3,270,076","3,317,000","3,491,151","3,405,614","3,289,638","3,885,230","2,806,223","3,417,106","3,628,222","3,800,648","89,442,370"
Great Basin NP,"87,829","86,635","90,760","80,363","90,119","81,045","81,712","85,777","87,020","79,879","77,741","78,524","81,364","69,235","84,974","88,870","91,451","94,850","92,893","107,526","116,123","144,846","168,028","153,094","131,802","120,248","144,875","142,115","143,265","152,068","161,210","3,296,241"
Great Sand Dunes NP & PRES,"323,663","309,283","309,855","279,768","286,745","260,789","277,523","234,776","251,375","267,204","279,589","258,660","285,121","273,903","289,955","283,284","280,058","254,674","242,841","271,774","299,513","388,308","486,935","442,905","527,546","461,532","602,613","493,428","512,219","437,661","432,498","10,605,998"
Great Smoky Mountains NP,"9,080,420","9,265,667","9,965,075","9,989,395","10,283,598","10,175,812","9,197,697","9,316,420","9,366,845","9,167,046","9,192,477","9,289,215","9,372,253","9,044,010","9,491,437","9,463,538","9,008,830","9,685,829","9,354,695","10,099,276","10,712,674","11,312,786","11,338,893","11,421,200","12,547,743","12,095,720","14,161,548","12,937,633","13,297,647","12,191,834","11,527,939","323,355,152"
Guadalupe Mountains NP,"208,972","223,485","231,980","227,924","219,591","198,762","222,307","202,911","181,357","182,351","170,383","174,157","165,110","163,709","198,882","192,210","152,546","159,360","145,670","166,868","169,535","181,839","225,257","172,347","188,833","151,256","243,291","219,987","227,340","226,134","206,423","6,000,777"
Haleakala NP,"1,594,596","1,553,344","1,673,561","1,476,842","1,963,187","1,620,083","1,410,974","1,521,080","1,444,668","1,455,477","1,474,681","1,426,068","1,322,817","1,185,068","1,109,104","1,105,606","956,989","1,094,668","785,300","1,142,040","1,216,772","1,263,558","1,112,390","1,044,084","994,394","319,147","853,181","1,087,616","791,292","732,477","853,711","37,584,775"
Hawaii Volcanoes NP,"1,175,028","1,231,557","1,832,087","1,352,373","1,502,855","1,514,636","1,343,286","1,110,998","1,122,524","1,307,391","1,661,196","1,612,246","1,467,779","1,270,538","1,233,105","1,304,667","1,352,123","1,483,928","1,583,209","1,693,005","1,832,660","1,887,580","2,016,702","1,116,891","1,368,376","589,775","1,262,747","1,580,961","1,620,294","1,433,593","1,877,854","44,741,964"
Hot Springs NP,"1,617,077","1,538,105","1,509,596","1,495,993","1,384,469","1,338,156","1,296,786","1,440,227","1,561,311","1,418,735","1,340,160","1,273,456","1,300,152","1,238,147","1,284,707","1,311,807","1,396,354","1,302,505","1,325,719","1,424,484","1,418,162","1,544,300","1,561,616","1,506,887","1,467,153","1,348,215","2,162,884","2,646,133","2,502,967","2,461,812","2,494,611","48,912,686"
Indiana Dunes NP,"1,696,488","1,526,166","1,483,782","2,108,789","1,748,047","1,820,228","1,735,404","1,989,941","1,953,449","1,810,330","2,127,336","1,938,132","1,972,344","1,833,596","1,944,568","2,150,345","1,840,513","1,889,381","1,681,695","1,553,372","1,640,195","1,698,223","2,158,471","1,756,079","2,134,285","2,293,106","3,177,210","2,834,180","2,765,892","2,705,209","2,629,497","62,596,253"
Isle Royale NP,"23,470","23,445","21,381","23,932","23,493","21,096","19,431","19,463","17,800","17,276","17,398","17,070","15,973","14,038","14,653","15,793","15,892","16,663","16,274","14,560","18,684","24,966","28,196","25,798","26,410","6,493","25,844","25,454","28,965","28,806","29,091","637,808"
Joshua Tree NP,"1,235,702","1,095,046","1,226,273","1,410,312","1,316,340","1,233,935","1,280,917","1,178,376","1,283,346","1,243,659","1,375,111","1,256,421","1,298,979","1,392,446","1,304,471","1,434,976","1,396,237","1,396,117","1,383,340","1,589,904","2,025,756","2,505,286","2,853,619","2,942,382","2,988,547","2,399,542","3,064,400","3,058,294","3,270,404","2,991,874","2,932,644","57,364,656"
Katmai NP & PRES,0,,"18,802","45,470","51,399","71,389","67,038","59,025","51,589","56,787","54,274","68,630","82,634","7,970","43,035","55,172","48,939","39,818","28,966","30,896","37,818","37,818","37,818","37,818","84,167","51,511","24,764","33,908","33,763","36,230","34,479","1,331,927"
Kenai Fjords NP,"230,657","274,034","306,164","263,948","290,673","254,790","262,353","251,799","243,719","244,232","258,297","251,630","284,604","272,190","218,358","297,596","346,852","281,279","283,502","270,666","296,697","346,534","303,598","321,596","356,601","115,882","411,782","389,943","387,525","419,468","425,369","9,162,338"
Kings Canyon NP,"832,794","502,749","484,718","540,212","559,534","528,987","541,787","545,420","555,987","525,035","594,893","552,766","580,129","574,870","609,296","598,205","566,810","591,033","567,544","502,268","468,106","607,479","692,932","699,023","632,110","415,077","562,918","640,986","643,065","699,389","779,791","18,195,913"
Kobuk Valley NP,"2,781","2,781","2,781","5,550","6,309","2,646","4,217","4,046","4,006","4,744","5,037","3,005",847,"1,565","1,879","3,164","11,485","29,550","16,875",0,0,"15,500","15,500","14,937","15,766","11,185","11,540","16,925","17,616","17,233","7,786","257,256"
Lake Clark NP & PRES,"12,698","12,727","9,173","11,335","6,190","6,493","4,397","4,325","4,505","4,906","5,408","5,320","5,549","6,802","9,711","9,931","5,158","11,639","13,000","16,100","17,818","21,102","22,755","14,479","17,157","4,948","18,278","18,187","16,728","18,505","19,778","355,102"
Lassen Volcanic NP,"351,001","351,632","391,816","318,049","353,756","374,911","376,695","388,149","404,384","379,667","365,535","388,741","395,057","377,361","365,639","384,570","351,269","407,653","427,409","432,977","468,092","536,068","507,256","499,435","517,039","542,274","359,635","446,291","418,978","357,651","504,777","12,743,767"
Mammoth Cave NP,"1,935,709","1,896,829","1,997,658","2,113,992","1,710,983","1,749,268","1,883,580","1,891,307","1,869,137","1,888,267","1,878,006","597,934","487,305","446,174","503,856","497,225","483,319","508,054","494,541","522,628","566,895","586,514","587,853","533,206","551,590","290,392","515,774","663,147","654,450","747,042","660,734","31,713,369"
Mesa Verde NP,"663,794","617,360","627,720","604,556","635,736","452,287","513,409","406,385","438,590","446,811","498,333","557,248","541,102","551,446","550,377","559,712","572,329","488,860","460,237","501,563","547,325","583,527","613,788","563,420","556,203","287,477","548,477","499,790","505,194","480,065","463,130","16,336,251"
Mount Rainier NP,"1,438,227","1,338,961","1,315,773","1,353,793","1,291,397","1,344,833","1,301,103","1,310,390","1,262,351","1,217,750","1,173,897","1,113,601","1,047,685","1,163,227","1,151,654","1,191,754","1,038,229","1,049,178","1,148,552","1,264,259","1,237,231","1,356,913","1,415,867","1,518,491","1,501,621","1,160,754","1,670,063","1,622,395","1,674,294","1,620,006","1,635,342","40,929,591"
National Park of American Samoa,,,,,,,,"1,938",0,,,"1,239","6,774","3,683","3,242","3,006","8,716","10,440","17,919","13,953","13,892","28,892","69,468","28,626","60,006","4,819","8,495","1,887","12,135","22,567","43,258","364,955"
New River Gorge NP & PRES,"1,177,238","1,237,637","1,228,242","1,197,649","1,186,501","1,132,531","1,231,529","1,215,875","1,111,164","1,151,782","1,045,814","1,124,688","1,178,012","1,212,854","1,144,318","1,151,213","1,071,088","1,128,195","1,071,823","1,124,799","1,178,753","1,197,931","1,168,658","1,232,627","1,195,721","1,054,374","1,682,720","1,593,523","1,707,223","1,811,937","1,958,440","38,904,859"
North Cascades NP,"65,984","27,910","27,203","32,753","21,488","25,704","27,739","20,691","20,724","16,912","18,686","19,167","19,534","18,725","26,972","24,659","19,208","26,935","21,623","23,865","20,677","28,646","30,326","30,085","38,208","30,885","17,855","30,154","40,351","16,485","46,925","837,079"
Olympic NP,"3,658,615","3,348,723","3,846,709","3,577,007","3,364,266","3,327,722","3,416,069","3,691,310","3,225,327","3,073,722","3,142,774","2,749,197","2,988,686","3,081,451","3,276,459","2,844,563","2,966,502","2,824,908","3,085,340","3,243,872","3,263,761","3,390,221","3,401,996","3,104,455","3,245,806","2,499,177","2,718,925","2,432,972","2,947,503","3,717,267","3,584,187","99,039,492"
Petrified Forest NP,"935,065","829,495","823,266","816,506","666,978","605,192","583,904","571,586","586,245","580,000","598,378","581,681","563,590","543,714","631,613","664,725","614,054","664,857","644,648","836,799","793,225","643,274","627,757","644,922","643,588","384,483","590,334","505,209","520,491","559,254","315,951","19,570,784"
Pinnacles NP,"177,527","164,465","171,971","94,639","164,854","162,110","178,243","162,266","162,791","157,397","170,994","158,824","161,019","166,988","171,112","246,575","393,219","224,476","237,677","196,635","206,533","215,555","233,334","222,152","177,224","165,740","348,857","275,023","341,220","354,076","343,208","6,606,704"
Redwood NP,"552,464","426,938","382,488","383,188","369,726","383,253","388,352","404,789","408,126","392,029","394,144","383,780","385,171","396,899","444,426","418,820","380,167","352,517","393,364","429,166","527,143","536,297","445,000","482,536","504,722","265,177","435,879","458,400","409,105","622,883","1,202,480","13,959,429"
Rocky Mountain NP,"2,878,169","2,923,755","2,965,354","3,035,422","3,186,323","3,185,392","3,139,685","2,988,475","3,067,256","2,781,899","2,798,368","2,743,676","2,895,383","2,757,390","2,822,325","2,955,821","3,176,941","3,229,617","2,991,141","3,434,751","4,155,916","4,517,585","4,437,215","4,590,493","4,670,053","3,305,199","4,434,848","4,300,424","4,115,837","4,154,349","4,171,431","106,810,493"
Saguaro NP,"732,813","671,643","739,410","716,160","749,014","765,195","725,874","615,045","643,697","651,464","727,208","619,983","658,477","699,137","665,234","717,614","610,045","634,286","678,261","673,572","753,446","820,426","964,760","957,405","1,020,226","762,226","1,079,786","908,194","1,010,906","946,369","847,749","23,765,625"
Sequoia NP,"844,582","838,060","1,008,931","861,303","873,229","838,947","870,327","920,292","979,297","1,000,177","1,004,843","954,507","979,537","930,011","965,170","1,002,979","1,006,583","1,106,584","909,274","1,039,137","1,097,464","1,254,688","1,291,256","1,229,594","1,246,053","796,086","1,059,548","1,153,198","980,567","1,309,573","1,378,337","31,730,134"
Shenandoah NP,"1,757,794","1,571,019","1,587,790","1,473,100","1,339,286","1,419,579","1,498,561","1,389,244","1,163,950","1,261,000","1,094,912","1,076,150","1,107,227","1,075,878","1,120,981","1,253,386","1,209,883","1,210,200","1,136,505","1,255,321","1,321,873","1,437,341","1,458,874","1,264,880","1,425,507","1,666,265","1,592,312","1,449,300","1,576,008","1,720,211","1,682,152","42,596,489"
Theodore Roosevelt NP,"460,699","436,081","393,265","448,286","431,311","431,813","446,609","471,551","490,295","474,589","493,198","435,359","456,588","516,804","586,928","623,748","563,407","640,555","545,090","559,580","580,033","753,880","708,003","749,389","691,658","551,303","796,085","668,679","746,862","732,951","729,893","17,614,492"
Virgin Islands NP,"536,058","475,942","592,537","556,849","425,345","703,992","677,401","693,494","821,681","793,590","803,040","677,289","571,382","469,034","415,847","493,477","442,414","483,341","438,601","426,930","438,372","411,343","304,408","112,287","133,398","167,540","323,999","196,752","343,685","423,029","471,074","14,824,131"
Voyageurs NP,"210,938","246,588","223,418","231,958","228,898","227,371","243,374","238,227","234,231","249,041","234,577","231,875","220,650","221,585","222,429","253,891","177,184","214,841","233,390","239,160","238,313","241,912","237,250","239,656","232,974","263,091","243,042","221,434","220,825","199,030","206,326","7,127,479"
White Sands NP,"604,796","616,699","629,507","592,957","553,948","515,229","518,958","498,964","492,008","448,185","450,447","440,927","437,042","438,511","471,167","470,921","428,924","447,385","490,544","503,660","497,506","555,793","612,468","603,008","608,785","415,383","782,469","705,127","729,096","702,236","659,742","16,922,392"
Wind Cave NP,"805,688","781,171","832,033","849,974","761,717","668,507","650,357","810,298","874,167","593,877","612,478","591,049","603,158","573,433","587,868","577,141","538,394","529,083","516,142","547,022","612,198","617,377","619,924","656,397","615,350","448,405","709,001","607,418","592,459","489,399","606,258","19,877,743"
Wrangell-St. Elias NP & PRES,"54,430","31,467","31,833","27,859","29,252","28,331","28,643","40,352","43,311","57,221","56,224","50,336","61,085","65,693","59,966","73,170","65,225","87,158","69,984","74,722","80,366","79,047","68,292","79,450","74,518","16,655","50,189","65,236","78,305","81,670","108,840","1,818,830"
Yellowstone NP,"3,125,285","3,012,171","2,889,513","3,120,830","3,131,381","2,838,233","2,758,526","2,973,677","3,019,375","2,868,317","2,835,651","2,870,295","3,151,343","3,066,580","3,295,187","3,640,185","3,394,326","3,447,729","3,188,030","3,513,484","4,097,710","4,257,177","4,116,524","4,115,000","4,020,288","3,806,306","4,860,242","3,290,242","4,501,382","4,744,353","4,762,988","108,712,330"
Yosemite NP,"3,958,406","4,046,207","3,669,970","3,657,132","3,493,607","3,400,903","3,368,731","3,361,867","3,378,664","3,280,911","3,304,144","3,242,644","3,503,428","3,431,514","3,737,472","3,901,408","3,951,393","3,853,404","3,691,191","3,882,642","4,150,217","5,028,868","4,336,890","4,009,436","4,422,861","2,268,313","3,287,595","3,667,550","3,897,070","4,121,807","4,278,413","115,584,658"
Zion NP,"2,430,162","2,498,001","2,445,534","2,370,048","2,449,664","2,432,348","2,217,779","2,592,545","2,458,792","2,677,342","2,586,665","2,567,350","2,657,281","2,690,154","2,735,402","2,665,972","2,825,505","2,973,607","2,807,387","3,189,696","3,648,846","4,295,127","4,504,812","4,320,033","4,488,268","3,591,254","5,039,835","4,692,417","4,623,238","4,946,592","4,984,525","101,406,181"
Grand Total,"75,453,461","74,284,003","76,310,729","75,910,411","75,332,239","73,520,383","71,399,633","72,046,762","70,217,433","70,113,274","70,285,864","66,601,047","68,407,842","66,766,473","69,042,242","71,079,019","68,607,024","71,065,451","69,136,047","73,927,020","80,305,331","87,619,211","89,391,395","87,714,135","91,010,784","67,931,703","92,251,857","88,662,181","92,390,204","94,287,567","93,892,121","2,394,962,846"
,,,,,,,,,,,,,,,,,,,,,,,,,,,,,,,,
